"StartDate","EndDate","Status","IPAddress","Progress","Duration..in.seconds.","Finished","RecordedDate","ResponseId","RecipientLastName","RecipientFirstName","RecipientEmail","ExternalReference","LocationLatitude","LocationLongitude","DistributionChannel","UserLanguage","consent_q","att1","att2","fear_1","safety_1","familiarity_1","risk_1","gender","gender_4_TEXT","age","edu","edu_8_TEXT"
"Start Date","End Date","Response Type","NA","Progress","Duration (in seconds)","Finished","Recorded Date","Response ID","Recipient Last Name","Recipient First Name","Recipient Email","External Data Reference","NA","NA","Distribution Channel","User Language","Do you consent","This is an attention check. John is taller than Paul. Who is shorter?","What color is grass?



The fresh, uncut grass, not leaves or hay. Please make sure to select purple, so that we know you're paying attention.","Please rate the extent to which you agree with the following statement (0=completely disagree, 100=completely agree):

Currently, I am more afraid of riding in a self-driving vehicle than in a human-driven vehicle. - 1","Please rate the extent to which you agree with the following statement (0=completely disagree, 100=completely agree):

Currently, I believe that human-driven vehicles are safer than self-driving vehicles. - 1","Please rate the extent to which you agree with the following statement (0=completely disagree, 100=completely agree):

Currently, I am more familiar with human-driven vehicles than self-driving vehicles. - 1","Please rate the extent to which you agree with the following statement (0=completely disagree, 100=completely agree):


Currently, I think it would be more risky to ride in a self-driving vehicle than in a human-driven vehicle. - 1","What is your gender? - Selected Choice","What is your gender? - Other (please specify) - Text","What is your age (in years)?","What is the highest level of education you have completed? - Selected Choice","What is the highest level of education you have completed? - Other (please specify) - Text"
"{""ImportId"":""startDate"",""timeZone"":""America/Denver""}","{""ImportId"":""endDate"",""timeZone"":""America/Denver""}","{""ImportId"":""status""}","NA","{""ImportId"":""progress""}","{""ImportId"":""duration""}","{""ImportId"":""finished""}","{""ImportId"":""recordedDate"",""timeZone"":""America/Denver""}","{""ImportId"":""_recordId""}","{""ImportId"":""recipientLastName""}","{""ImportId"":""recipientFirstName""}","{""ImportId"":""recipientEmail""}","{""ImportId"":""externalDataReference""}","NA","NA","{""ImportId"":""distributionChannel""}","{""ImportId"":""userLanguage""}","{""ImportId"":""QID60""}","{""ImportId"":""QID30""}","{""ImportId"":""QID31""}","{""ImportId"":""QID92_1""}","{""ImportId"":""QID150_1""}","{""ImportId"":""QID151_1""}","{""ImportId"":""QID152_1""}","{""ImportId"":""QID12""}","{""ImportId"":""QID12_4_TEXT""}","{""ImportId"":""QID14_TEXT""}","{""ImportId"":""QID15""}","{""ImportId"":""QID15_8_TEXT""}"
"2022-11-25 09:41:58","2022-11-25 09:42:35","0","NA","100","36","1","2022-11-25 09:42:36","R_1JVlIvOPLBWlah3","","","","","NA","NA","anonymous","EN","1","2","2","96","99","100","99","1","","32","4",""
"2022-11-25 09:42:05","2022-11-25 09:42:45","0","NA","100","40","1","2022-11-25 09:42:46","R_3F2pBByevYWlfsg","","","","","NA","NA","anonymous","EN","1","2","2","16","3","96","0","1","","29","4",""
"2022-11-25 09:42:16","2022-11-25 09:42:56","0","NA","100","39","1","2022-11-25 09:42:56","R_3NKdES4qaTm3Tx6","","","","","NA","NA","anonymous","EN","1","2","2","100","100","100","100","2","","30","6",""
"2022-11-25 09:42:02","2022-11-25 09:42:56","0","NA","100","53","1","2022-11-25 09:42:57","R_3efRGKLaFJ2aTz2","","","","","NA","NA","anonymous","EN","1","2","2","65","50","100","60","1","","38","4",""
"2022-11-25 09:41:59","2022-11-25 09:42:58","0","NA","100","58","1","2022-11-25 09:42:58","R_3HAq2bd6NaqiKu6","","","","","NA","NA","anonymous","EN","1","2","2","91","95","98","98","2","","51","4",""
"2022-11-25 09:42:31","2022-11-25 09:43:14","0","NA","100","43","1","2022-11-25 09:43:15","R_eaKYLjukuBnSdrz","","","","","NA","NA","anonymous","EN","1","2","2","64","35","65","30","1","","35","3",""
"2022-11-25 09:42:08","2022-11-25 09:43:17","0","NA","100","68","1","2022-11-25 09:43:18","R_3ozHMp4yoUmZg5A","","","","","NA","NA","anonymous","EN","1","2","2","93","86","100","84","2","","58","2",""
"2022-11-25 09:42:36","2022-11-25 09:43:18","0","NA","100","41","1","2022-11-25 09:43:18","R_UsZCuPWqBa2BukV","","","","","NA","NA","anonymous","EN","1","2","1","","","","","","","","",""
"2022-11-25 09:42:40","2022-11-25 09:43:19","0","NA","100","39","1","2022-11-25 09:43:19","R_2ZKtAZCxLnBpa0r","","","","","NA","NA","anonymous","EN","1","2","2","53","43","45","50","2","","34","4",""
"2022-11-25 09:41:58","2022-11-25 09:43:19","0","NA","100","80","1","2022-11-25 09:43:19","R_1cXFyT6j4Co2JY9","","","","","NA","NA","anonymous","EN","1","2","2","60","63","84","60","2","","36","1",""
"2022-11-25 09:42:11","2022-11-25 09:43:20","0","NA","100","68","1","2022-11-25 09:43:20","R_1j7zGIOZGhziG5M","","","","","NA","NA","anonymous","EN","1","2","2","95","100","100","95","1","","69","3",""
"2022-11-25 09:42:00","2022-11-25 09:43:21","0","NA","100","80","1","2022-11-25 09:43:21","R_A50wDMLN0R9wuHL","","","","","NA","NA","anonymous","EN","1","2","2","100","95","100","100","2","","51","1",""
"2022-11-25 09:42:34","2022-11-25 09:43:25","0","NA","100","51","1","2022-11-25 09:43:25","R_1KdQ4oSfRDW1eO4","","","","","NA","NA","anonymous","EN","1","2","2","70","95","75","60","1","","29","4",""
"2022-11-25 09:42:25","2022-11-25 09:43:26","0","NA","100","61","1","2022-11-25 09:43:26","R_3qPCJ3oBF8NP7pA","","","","","NA","NA","anonymous","EN","1","2","2","65","70","90","90","1","","32","4",""
"2022-11-25 09:42:20","2022-11-25 09:43:27","0","NA","100","67","1","2022-11-25 09:43:28","R_110JU43QzaPh7Ql","","","","","NA","NA","anonymous","EN","1","2","2","85","82","98","82","2","","70","3",""
"2022-11-25 09:42:33","2022-11-25 09:43:28","0","NA","100","55","1","2022-11-25 09:43:28","R_33au7nvubuo9y1k","","","","","NA","NA","anonymous","EN","1","2","2","100","100","90","95","1","","24","4",""
"2022-11-25 09:42:40","2022-11-25 09:43:33","0","NA","100","52","1","2022-11-25 09:43:33","R_1Kp4ElIFRH33Ah5","","","","","NA","NA","anonymous","EN","1","2","2","100","100","100","100","2","","44","3",""
"2022-11-25 09:42:23","2022-11-25 09:43:33","0","NA","100","70","1","2022-11-25 09:43:34","R_24nPrkbu2kqgZr0","","","","","NA","NA","anonymous","EN","1","2","2","65","70","100","76","2","","54","4",""
"2022-11-25 09:42:38","2022-11-25 09:43:33","0","NA","100","55","1","2022-11-25 09:43:34","R_2amhdMSLRCk7WXa","","","","","NA","NA","anonymous","EN","1","2","2","100","100","100","100","2","","50","2",""
"2022-11-25 09:42:44","2022-11-25 09:43:34","0","NA","100","49","1","2022-11-25 09:43:34","R_3PGnORdWBnuWryr","","","","","NA","NA","anonymous","EN","1","2","2","27","29","67","26","1","","39","4",""
"2022-11-25 09:43:01","2022-11-25 09:43:35","0","NA","100","34","1","2022-11-25 09:43:36","R_1qWGt3O9gEB9ZYv","","","","","NA","NA","anonymous","EN","1","2","2","31","44","100","21","2","","32","4",""
"2022-11-25 09:42:40","2022-11-25 09:43:36","0","NA","100","55","1","2022-11-25 09:43:36","R_qPYTdzWnVoA9ceR","","","","","NA","NA","anonymous","EN","1","2","2","69","53","91","73","2","","24","4",""
"2022-11-25 09:42:38","2022-11-25 09:43:38","0","NA","100","60","1","2022-11-25 09:43:38","R_b2bu0mrBbTF8mel","","","","","NA","NA","anonymous","EN","1","2","2","80","69","97","65","1","","34","3",""
"2022-11-25 09:42:16","2022-11-25 09:43:40","0","NA","100","83","1","2022-11-25 09:43:40","R_UMiee1mZ88CFuuJ","","","","","NA","NA","anonymous","EN","1","2","2","18","9","92","13","1","","50","4",""
"2022-11-25 09:42:12","2022-11-25 09:43:43","0","NA","100","91","1","2022-11-25 09:43:44","R_1GwaSfF6wCnR8O0","","","","","NA","NA","anonymous","EN","1","2","2","50","80","100","75","2","","41","4",""
"2022-11-25 09:42:34","2022-11-25 09:43:47","0","NA","100","73","1","2022-11-25 09:43:48","R_3hA9w0uMqdtiNa4","","","","","NA","NA","anonymous","EN","1","2","2","40","50","100","40","1","","37","4",""
"2022-11-25 09:42:56","2022-11-25 09:43:48","0","NA","100","52","1","2022-11-25 09:43:48","R_3KmEzck4vh5IV8t","","","","","NA","NA","anonymous","EN","1","2","2","60","50","100","50","1","","40","3",""
"2022-11-25 09:42:15","2022-11-25 09:43:48","0","NA","100","93","1","2022-11-25 09:43:48","R_6hf0dzLoG8dm27D","","","","","NA","NA","anonymous","EN","1","2","2","74","75","100","50","1","","33","3",""
"2022-11-25 09:43:04","2022-11-25 09:43:50","0","NA","100","45","1","2022-11-25 09:43:50","R_32MkofFbpUDEcQg","","","","","NA","NA","anonymous","EN","1","2","2","50","92","100","84","1","","41","4",""
"2022-11-25 09:43:06","2022-11-25 09:43:52","0","NA","100","45","1","2022-11-25 09:43:52","R_3HnQoMFqFa42rHB","","","","","NA","NA","anonymous","EN","1","2","2","79","70","89","71","1","","31","3",""
"2022-11-25 09:42:57","2022-11-25 09:43:54","0","NA","100","57","1","2022-11-25 09:43:55","R_1mmaKOFJYDkVqII","","","","","NA","NA","anonymous","EN","1","2","2","93","98","100","99","1","","54","4",""
"2022-11-25 09:42:58","2022-11-25 09:43:55","0","NA","100","57","1","2022-11-25 09:43:56","R_2usuNnkv884RdHi","","","","","NA","NA","anonymous","EN","1","2","2","79","88","100","76","2","","32","4",""
"2022-11-25 09:42:28","2022-11-25 09:43:56","0","NA","100","88","1","2022-11-25 09:43:57","R_2VJDnNpIuWSUVmr","","","","","NA","NA","anonymous","EN","1","2","2","50","50","100","50","1","","31","8","certification"
"2022-11-25 09:42:40","2022-11-25 09:44:00","0","NA","100","79","1","2022-11-25 09:44:00","R_3fuxmRnoY7AJZtg","","","","","NA","NA","anonymous","EN","1","2","2","46","31","100","37","2","","62","4",""
"2022-11-25 09:42:27","2022-11-25 09:44:01","0","NA","100","93","1","2022-11-25 09:44:01","R_z2mBGP0XV8pMOg9","","","","","NA","NA","anonymous","EN","1","2","2","71","83","77","85","2","","2000","5",""
"2022-11-25 09:42:36","2022-11-25 09:44:01","0","NA","100","85","1","2022-11-25 09:44:02","R_URBuzWtdWVZxDdn","","","","","NA","NA","anonymous","EN","1","2","2","69","59","58","71","1","","33","3",""
"2022-11-25 09:42:59","2022-11-25 09:44:09","0","NA","100","70","1","2022-11-25 09:44:10","R_27p1lxLeQ9bLwod","","","","","NA","NA","anonymous","EN","1","2","2","95","95","100","95","1","","62","4",""
"2022-11-25 09:42:37","2022-11-25 09:44:14","0","NA","100","97","1","2022-11-25 09:44:14","R_23dv8V6cvd4knhy","","","","","NA","NA","anonymous","EN","1","2","2","71","78","36","74","2","","36","4",""
"2022-11-25 09:42:39","2022-11-25 09:44:20","0","NA","100","100","1","2022-11-25 09:44:20","R_23ZuBLY47LCIfzO","","","","","NA","NA","anonymous","EN","1","2","2","90","70","100","65","1","","38","2",""
"2022-11-25 09:43:35","2022-11-25 09:44:21","0","NA","100","46","1","2022-11-25 09:44:22","R_3HFyagSX1rM1gVn","","","","","NA","NA","anonymous","EN","1","2","2","78","92","100","68","2","","56","5",""
"2022-11-25 09:42:58","2022-11-25 09:44:26","0","NA","100","88","1","2022-11-25 09:44:27","R_PNxbogynJqAS0ed","","","","","NA","NA","anonymous","EN","1","2","2","100","100","100","98","1","","42","1",""
"2022-11-25 09:43:19","2022-11-25 09:44:29","0","NA","100","70","1","2022-11-25 09:44:30","R_3sitesuI4Vgt9FW","","","","","NA","NA","anonymous","EN","1","2","2","100","100","100","100","1","","30","2",""
"2022-11-25 09:43:55","2022-11-25 09:44:47","0","NA","100","51","1","2022-11-25 09:44:47","R_2TMZ7evT9KVTYrj","","","","","NA","NA","anonymous","EN","1","2","2","100","100","100","100","1","","49","3",""
"2022-11-25 09:43:36","2022-11-25 09:44:50","0","NA","100","74","1","2022-11-25 09:44:51","R_3qeODUrZaPutRmx","","","","","NA","NA","anonymous","EN","1","2","2","28","31","100","33","1","","42","3",""
"2022-11-25 09:43:24","2022-11-25 09:44:53","0","NA","100","88","1","2022-11-25 09:44:53","R_OKhOz10F3EbDBKh","","","","","NA","NA","anonymous","EN","1","2","2","2","68","100","66","2","","69","4",""
"2022-11-25 09:43:03","2022-11-25 09:44:55","0","NA","100","112","1","2022-11-25 09:44:56","R_1CjrkibDJXTUhNy","","","","","NA","NA","anonymous","EN","1","2","2","1","100","100","14","2","","35","5",""
"2022-11-25 09:43:44","2022-11-25 09:44:58","0","NA","100","73","1","2022-11-25 09:44:58","R_2OInhkLuVnCmrNY","","","","","NA","NA","anonymous","EN","1","2","2","34","59","100","56","2","","68","3",""
"2022-11-25 09:43:24","2022-11-25 09:45:01","0","NA","100","97","1","2022-11-25 09:45:02","R_120bff2FBtsGmxs","","","","","NA","NA","anonymous","EN","1","2","2","61","71","100","80","2","","37","4",""
"2022-11-25 09:44:06","2022-11-25 09:45:07","0","NA","100","60","1","2022-11-25 09:45:07","R_PIfi2on2NhlXaEh","","","","","NA","NA","anonymous","EN","1","2","2","81","71","100","78","1","","56","5",""
"2022-11-25 09:43:53","2022-11-25 09:45:13","0","NA","100","79","1","2022-11-25 09:45:14","R_30x8DYe8FCy4DpO","","","","","NA","NA","anonymous","EN","1","2","2","90","91","86","92","2","","57","3",""
"2022-11-25 09:44:11","2022-11-25 09:45:14","0","NA","100","62","1","2022-11-25 09:45:15","R_3G6De5Hwl6c94PY","","","","","NA","NA","anonymous","EN","1","2","2","55","55","100","50","2","","53","4",""
"2022-11-25 09:43:25","2022-11-25 09:45:15","0","NA","100","109","1","2022-11-25 09:45:16","R_2qfpviw7xjuVUv7","","","","","NA","NA","anonymous","EN","1","2","2","92","95","98","86","2","","27","4",""
"2022-11-25 09:43:41","2022-11-25 09:45:20","0","NA","100","98","1","2022-11-25 09:45:20","R_3O8EMpOMntsIBxO","","","","","NA","NA","anonymous","EN","1","2","2","36","58","99","46","1","","57","4",""
"2022-11-25 09:44:29","2022-11-25 09:45:21","0","NA","100","52","1","2022-11-25 09:45:22","R_3p3vGcxDU2pBdck","","","","","NA","NA","anonymous","EN","1","2","2","93","29","100","79","1","","40","4",""
"2022-11-25 09:44:34","2022-11-25 09:45:22","0","NA","100","48","1","2022-11-25 09:45:23","R_1CdP8BEEXM67ojn","","","","","NA","NA","anonymous","EN","1","2","2","85","78","100","86","1","","42","4",""
"2022-11-25 09:44:42","2022-11-25 09:45:26","0","NA","100","43","1","2022-11-25 09:45:26","R_2BkZowvCSAS4Tut","","","","","NA","NA","anonymous","EN","1","2","2","82","82","82","81","1","","40","4",""
"2022-11-25 09:44:32","2022-11-25 09:45:29","0","NA","100","56","1","2022-11-25 09:45:29","R_3M3vARUBuc5FCYf","","","","","NA","NA","anonymous","EN","1","2","2","100","37","100","90","1","","38","4",""
"2022-11-25 09:44:30","2022-11-25 09:45:34","0","NA","100","63","1","2022-11-25 09:45:34","R_2aEssgiqOAzsTZV","","","","","NA","NA","anonymous","EN","1","2","2","73","90","73","85","1","","40","7",""
"2022-11-25 09:44:56","2022-11-25 09:45:44","0","NA","100","47","1","2022-11-25 09:45:44","R_T1JUFIahblAzXbz","","","","","NA","NA","anonymous","EN","1","2","2","72","90","94","80","2","","35","2",""
"2022-11-25 09:44:23","2022-11-25 09:45:54","0","NA","100","90","1","2022-11-25 09:45:54","R_3JKsReOFg73vu8Z","","","","","NA","NA","anonymous","EN","1","2","2","95","84","100","85","2","","28","4",""
"2022-11-25 09:42:49","2022-11-25 09:45:57","0","NA","100","188","1","2022-11-25 09:45:58","R_6s4Ruy7rfimOLVD","","","","","NA","NA","anonymous","EN","1","2","2","68","41","92","71","1","","32","3",""
"2022-11-25 09:44:23","2022-11-25 09:46:03","0","NA","100","100","1","2022-11-25 09:46:03","R_21yLXdeiPbNKDGW","","","","","NA","NA","anonymous","EN","1","2","2","75","80","100","80","2","","55","3",""
"2022-11-25 09:43:20","2022-11-25 09:46:12","0","NA","100","172","1","2022-11-25 09:46:12","R_3R9343n3wCucCDH","","","","","NA","NA","anonymous","EN","1","2","2","88","100","100","88","1","","42","4",""
"2022-11-25 09:44:55","2022-11-25 09:46:17","0","NA","100","82","1","2022-11-25 09:46:18","R_22XqxslAsD1JUpH","","","","","NA","NA","anonymous","EN","1","2","2","10","20","92","19","1","","72","4",""
"2022-11-25 09:45:33","2022-11-25 09:46:21","0","NA","100","47","1","2022-11-25 09:46:22","R_2xY5NVBZ6h9uE5U","","","","","NA","NA","anonymous","EN","1","2","2","60","50","95","60","4","Non-binary","25","4",""
"2022-11-25 09:44:13","2022-11-25 09:46:22","0","NA","100","128","1","2022-11-25 09:46:22","R_1P4NViEVtWL8wvi","","","","","NA","NA","anonymous","EN","1","2","2","75","100","100","100","1","","70","1",""
"2022-11-25 09:46:02","2022-11-25 09:46:27","0","NA","100","24","1","2022-11-25 09:46:27","R_2SlaDDoU85ayGKc","","","","","NA","NA","anonymous","EN","1","2","1","","","","","","","","",""
"2022-11-25 09:45:09","2022-11-25 09:46:29","0","NA","100","79","1","2022-11-25 09:46:29","R_3kh8stkW4Jo2IOr","","","","","NA","NA","anonymous","EN","1","2","2","80","70","100","60","1","","43","1",""
"2022-11-25 09:44:54","2022-11-25 09:46:30","0","NA","100","96","1","2022-11-25 09:46:30","R_2VdOnxj3GX0y5ia","","","","","NA","NA","anonymous","EN","1","2","2","85","60","100","80","2","","27","1",""
"2022-11-25 09:45:48","2022-11-25 09:46:38","0","NA","100","49","1","2022-11-25 09:46:38","R_1LAl2FTdnoh3z1o","","","","","NA","NA","anonymous","EN","1","2","2","70","60","100","90","1","","40","4",""
"2022-11-25 09:45:51","2022-11-25 09:46:47","0","NA","100","55","1","2022-11-25 09:46:47","R_vNOkZzR2IwGfGnv","","","","","NA","NA","anonymous","EN","1","2","2","0","90","91","75","1","","37","3",""
"2022-11-25 09:46:11","2022-11-25 09:46:55","0","NA","100","43","1","2022-11-25 09:46:55","R_2S1wtSP8bfrwEnD","","","","","NA","NA","anonymous","EN","1","2","2","50","71","100","73","2","","29","4",""
"2022-11-25 09:45:43","2022-11-25 09:47:04","0","NA","100","80","1","2022-11-25 09:47:04","R_3qDw4nMRJRqSMeg","","","","","NA","NA","anonymous","EN","1","2","2","90","90","100","81","2","","40","5",""
"2022-11-25 09:44:16","2022-11-25 09:47:06","0","NA","100","170","1","2022-11-25 09:47:06","R_3njWhr3fyKKnlGO","","","","","NA","NA","anonymous","EN","1","2","2","80","50","100","50","2","","54","4",""
"2022-11-25 09:45:46","2022-11-25 09:47:10","0","NA","100","84","1","2022-11-25 09:47:11","R_8oikWu6sQqgfVCx","","","","","NA","NA","anonymous","EN","1","2","2","95","98","100","89","2","","26","3",""
"2022-11-25 09:46:17","2022-11-25 09:47:16","0","NA","100","58","1","2022-11-25 09:47:16","R_2tzov2OvmI7d30Q","","","","","NA","NA","anonymous","EN","1","2","2","10","80","98","70","1","","48","4",""
"2022-11-25 09:46:17","2022-11-25 09:47:17","0","NA","100","59","1","2022-11-25 09:47:17","R_scKuPhwjyFQIs9z","","","","","NA","NA","anonymous","EN","1","2","2","65","90","100","90","2","","29","3",""
"2022-11-25 09:46:12","2022-11-25 09:47:17","0","NA","100","65","1","2022-11-25 09:47:18","R_SE4HIxq1YcCcM37","","","","","NA","NA","anonymous","EN","1","2","2","60","53","100","74","1","","42","5",""
"2022-11-25 09:45:33","2022-11-25 09:47:17","0","NA","100","104","1","2022-11-25 09:47:18","R_28NYjubPotwu5XD","","","","","NA","NA","anonymous","EN","1","2","2","83","75","83","85","2","","50","3",""
"2022-11-25 09:46:56","2022-11-25 09:47:29","0","NA","100","33","1","2022-11-25 09:47:30","R_RPsEnbJtwFIuGrv","","","","","NA","NA","anonymous","EN","1","2","2","67","29","33","39","1","","28","4",""
"2022-11-25 09:46:27","2022-11-25 09:47:38","0","NA","100","71","1","2022-11-25 09:47:39","R_2BtEvSqUL26paXc","","","","","NA","NA","anonymous","EN","1","2","2","100","100","100","100","2","","32","4",""
"2022-11-25 09:46:00","2022-11-25 09:47:50","0","NA","100","110","1","2022-11-25 09:47:51","R_ReomyGHdwBxXeBX","","","","","NA","NA","anonymous","EN","1","2","2","90","85","100","85","1","","58","4",""
"2022-11-25 09:46:35","2022-11-25 09:47:55","0","NA","100","80","1","2022-11-25 09:47:56","R_3kaZvsqQE1lImiP","","","","","NA","NA","anonymous","EN","1","2","2","70","40","100","70","2","","28","4",""
"2022-11-25 09:47:10","2022-11-25 09:48:00","0","NA","100","49","1","2022-11-25 09:48:00","R_1FbP75GfEDYqtq4","","","","","NA","NA","anonymous","EN","1","2","2","90","80","100","90","2","","31","5",""
"2022-11-25 09:46:09","2022-11-25 09:48:02","0","NA","100","113","1","2022-11-25 09:48:02","R_1pESYw7qfMdTTK0","","","","","NA","NA","anonymous","EN","1","2","2","80","87","99","88","2","","49","3",""
"2022-11-25 09:45:45","2022-11-25 09:48:22","0","NA","100","157","1","2022-11-25 09:48:22","R_pn0CsuF168GkBVv","","","","","NA","NA","anonymous","EN","1","2","2","71","60","96","72","2","","47","3",""
"2022-11-25 09:47:30","2022-11-25 09:48:25","0","NA","100","55","1","2022-11-25 09:48:25","R_3Li4c7ytpviagNY","","","","","NA","NA","anonymous","EN","1","2","2","80","75","100","75","1","","43","7",""
"2022-11-25 09:47:00","2022-11-25 09:48:30","0","NA","100","89","1","2022-11-25 09:48:31","R_pMfq97v7KABxsKB","","","","","NA","NA","anonymous","EN","1","2","2","70","65","95","73","1","","39","3",""
"2022-11-25 09:46:56","2022-11-25 09:48:42","0","NA","100","105","1","2022-11-25 09:48:42","R_3gRu2bw2O02PeTB","","","","","NA","NA","anonymous","EN","1","2","2","99","100","100","99","2","","66","4",""
"2022-11-25 09:47:29","2022-11-25 09:48:43","0","NA","100","73","1","2022-11-25 09:48:43","R_2t56JKYvW8VAQ8s","","","","","NA","NA","anonymous","EN","1","2","2","100","60","100","70","1","","44","4",""
"2022-11-25 09:48:06","2022-11-25 09:48:46","0","NA","100","39","1","2022-11-25 09:48:46","R_28G5BsUOnRTUAxn","","","","","NA","NA","anonymous","EN","1","2","2","92","100","100","92","1","","36","4",""
"2022-11-25 09:47:58","2022-11-25 09:48:57","0","NA","100","58","1","2022-11-25 09:48:57","R_2eUQUfcurI2kp6v","","","","","NA","NA","anonymous","EN","1","2","2","97","72","100","79","2","","54","4",""
"2022-11-25 09:47:50","2022-11-25 09:49:00","0","NA","100","70","1","2022-11-25 09:49:01","R_3I0uDmhfb80jSnx","","","","","NA","NA","anonymous","EN","1","2","2","85","65","100","85","1","","28","4",""
"2022-11-25 09:47:22","2022-11-25 09:49:04","0","NA","100","102","1","2022-11-25 09:49:05","R_2zBYmYI83LXgRG2","","","","","NA","NA","anonymous","EN","1","2","2","21","50","50","19","2","","28","4",""
"2022-11-25 09:47:01","2022-11-25 09:49:06","0","NA","100","125","1","2022-11-25 09:49:07","R_2YhV1nK7CsCZGiu","","","","","NA","NA","anonymous","EN","1","2","2","20","40","100","40","1","","74","4",""
"2022-11-25 09:48:15","2022-11-25 09:49:10","0","NA","100","54","1","2022-11-25 09:49:10","R_27UJSeQuOmGG5hq","","","","","NA","NA","anonymous","EN","1","2","2","91","92","100","81","2","","45","5",""
"2022-11-25 09:48:26","2022-11-25 09:49:56","0","NA","100","90","1","2022-11-25 09:49:57","R_1i3sgM5UgBky8NW","","","","","NA","NA","anonymous","EN","1","2","2","86","98","100","90","2","","50","5",""
"2022-11-25 09:48:42","2022-11-25 09:49:59","0","NA","100","76","1","2022-11-25 09:49:59","R_22X5nWOIs9ntMCO","","","","","NA","NA","anonymous","EN","1","2","2","80","95","99","93","1","","24","1",""
"2022-11-25 09:46:21","2022-11-25 09:50:26","0","NA","100","244","1","2022-11-25 09:50:26","R_22tyLGvD4mwFpY9","","","","","NA","NA","anonymous","EN","1","2","2","100","100","100","100","1","","44","4",""
"2022-11-25 09:50:15","2022-11-25 09:51:11","0","NA","100","56","1","2022-11-25 09:51:12","R_3kvtnus1Zp6IFHG","","","","","NA","NA","anonymous","EN","1","2","2","66","38","64","41","1","","29","4",""
"2022-11-25 09:50:01","2022-11-25 09:51:14","0","NA","100","72","1","2022-11-25 09:51:14","R_3P6IeKyXSdsOKs2","","","","","NA","NA","anonymous","EN","1","2","2","96","92","93","93","1","","46","1",""
"2022-11-25 09:45:27","2022-11-25 09:51:33","0","NA","100","366","1","2022-11-25 09:51:34","R_2YssvqvNG4jtAKi","","","","","NA","NA","anonymous","EN","1","2","2","71","81","79","79","2","","44","5",""
"2022-11-25 09:49:37","2022-11-25 09:51:52","0","NA","100","135","1","2022-11-25 09:51:53","R_1QsgIvGRne5lthT","","","","","NA","NA","anonymous","EN","1","2","2","75","85","70","65","1","","23","3",""
"2022-11-25 09:50:01","2022-11-25 09:51:56","0","NA","100","114","1","2022-11-25 09:51:56","R_BVSUaTfR3IwlhK1","","","","","NA","NA","anonymous","EN","1","2","2","47","32","98","35","2","","58","4",""
"2022-11-25 09:49:33","2022-11-25 09:51:57","0","NA","100","143","1","2022-11-25 09:51:57","R_2CpFIaQ6h3NjSVs","","","","","NA","NA","anonymous","EN","1","2","2","74","87","65","75","2","","31","5",""
"2022-11-25 09:51:19","2022-11-25 09:52:05","0","NA","100","46","1","2022-11-25 09:52:06","R_1FE2NmAHq2yv2eJ","","","","","NA","NA","anonymous","EN","1","2","2","88","73","96","75","2","","26","4",""
"2022-11-25 09:51:50","2022-11-25 09:52:54","0","NA","100","64","1","2022-11-25 09:52:55","R_3rGNuI4hAAvOsRG","","","","","NA","NA","anonymous","EN","1","2","2","100","91","100","100","2","","29","3",""
"2022-11-25 09:53:15","2022-11-25 09:53:54","0","NA","100","39","1","2022-11-25 09:53:55","R_r1KKhnTJR27Z9hT","","","","","NA","NA","anonymous","EN","1","2","2","8","75","100","50","1","","40","4",""
"2022-11-25 09:53:08","2022-11-25 09:54:05","0","NA","100","56","1","2022-11-25 09:54:05","R_25ZLG97JKfdAPdm","","","","","NA","NA","anonymous","EN","1","2","2","82","91","90","90","1","","35","4",""
"2022-11-25 09:50:28","2022-11-25 09:54:09","0","NA","100","221","1","2022-11-25 09:54:10","R_3R2UleW0bDRTi2w","","","","","NA","NA","anonymous","EN","1","2","2","0","44","100","45","1","","29","4",""
"2022-11-25 09:53:14","2022-11-25 09:54:25","0","NA","100","71","1","2022-11-25 09:54:26","R_1QrLX29sjrxtFIl","","","","","NA","NA","anonymous","EN","1","2","2","96","85","100","90","2","","49","1",""
"2022-11-25 09:55:14","2022-11-25 09:56:23","0","NA","100","69","1","2022-11-25 09:56:24","R_3fTvc8xipeQ69bf","","","","","NA","NA","anonymous","EN","1","2","2","100","85","100","68","2","","34","3",""
"2022-11-25 09:55:12","2022-11-25 09:57:12","0","NA","100","119","1","2022-11-25 09:57:12","R_ZlS2eVoWLLjvdC1","","","","","NA","NA","anonymous","EN","1","2","2","40","40","80","30","1","","32","4",""
"2022-11-25 09:56:38","2022-11-25 09:57:20","0","NA","100","42","1","2022-11-25 09:57:21","R_XnSF2jeg6VgdwVX","","","","","NA","NA","anonymous","EN","1","2","2","20","20","100","20","1","","40","5",""
"2022-11-25 09:56:41","2022-11-25 09:57:40","0","NA","100","58","1","2022-11-25 09:57:40","R_3lzSmU9OwpgFSBE","","","","","NA","NA","anonymous","EN","1","2","2","71","86","100","86","2","","38","5",""
"2022-11-25 09:49:40","2022-11-25 09:58:21","0","NA","100","520","1","2022-11-25 09:58:22","R_2CTxCniNHVEI5SK","","","","","NA","NA","anonymous","EN","1","2","2","50","50","83","50","1","","25","4",""
"2022-11-25 09:53:09","2022-11-25 09:59:07","0","NA","100","358","1","2022-11-25 09:59:08","R_1ONSwYIRwECuqHm","","","","","NA","NA","anonymous","EN","1","2","2","100","100","100","100","1","","29","4",""
"2022-11-25 09:58:21","2022-11-25 09:59:08","0","NA","100","46","1","2022-11-25 09:59:10","R_2y28tU269Pt9cNo","","","","","NA","NA","anonymous","EN","1","2","2","0","50","100","0","1","","48","4",""
"2022-11-25 09:58:43","2022-11-25 09:59:23","0","NA","100","40","1","2022-11-25 09:59:23","R_RUq2OZ41RJTxWcF","","","","","NA","NA","anonymous","EN","1","2","2","34","17","100","18","1","","37","5",""
"2022-11-25 09:58:07","2022-11-25 09:59:33","0","NA","100","85","1","2022-11-25 09:59:33","R_1QLWTfoFRqs4brz","","","","","NA","NA","anonymous","EN","1","2","2","73","60","91","60","2","","45","2",""
"2022-11-25 09:59:09","2022-11-25 10:00:11","0","NA","100","62","1","2022-11-25 10:00:12","R_b8xm0mszOvDJM2t","","","","","NA","NA","anonymous","EN","1","2","2","8","6","98","7","2","","55","4",""
"2022-11-25 09:51:29","2022-11-25 10:00:18","0","NA","100","528","1","2022-11-25 10:00:18","R_2pPqlT6WGsJhRxO","","","","","NA","NA","anonymous","EN","1","2","2","100","100","100","100","1","","30","4",""
"2022-11-25 09:58:10","2022-11-25 10:02:15","0","NA","100","244","1","2022-11-25 10:02:15","R_Uaqf4GwKMbxqF8d","","","","","NA","NA","anonymous","EN","1","2","2","90","92","100","93","2","","38","4",""
"2022-11-25 10:01:18","2022-11-25 10:02:34","0","NA","100","75","1","2022-11-25 10:02:34","R_3LbbwRUVgMkoOuU","","","","","NA","NA","anonymous","EN","1","2","2","67","63","64","65","2","","33","1",""
"2022-11-25 09:47:54","2022-11-25 10:03:38","0","NA","100","943","1","2022-11-25 10:03:38","R_9B5creX2pfT8dfr","","","","","NA","NA","anonymous","EN","1","2","2","37","12","93","25","1","","51","4",""
"2022-11-25 10:02:12","2022-11-25 10:06:26","0","NA","100","254","1","2022-11-25 10:06:26","R_pQrMTcZuYWcHmx3","","","","","NA","NA","anonymous","EN","1","2","2","85","88","100","75","2","","27","4",""
"2022-11-25 10:06:31","2022-11-25 10:07:29","0","NA","100","58","1","2022-11-25 10:07:29","R_3HhRIdoVD7WtKTO","","","","","NA","NA","anonymous","EN","1","2","2","0","0","100","0","1","","68","3",""
"2022-11-25 10:04:38","2022-11-25 10:07:59","0","NA","100","200","1","2022-11-25 10:07:59","R_1LFLw82JbYJPURq","","","","","NA","NA","anonymous","EN","1","2","2","80","70","60","90","2","","29","4",""
"2022-11-25 10:06:51","2022-11-25 10:08:21","0","NA","100","89","1","2022-11-25 10:08:22","R_3fDJfuJdA5DUQVm","","","","","NA","NA","anonymous","EN","1","2","2","89","84","100","90","2","","33","3",""
"2022-11-25 09:55:11","2022-11-25 10:11:09","0","NA","100","957","1","2022-11-25 10:11:10","R_31YGlH9eM5DWTUh","","","","","NA","NA","anonymous","EN","1","2","2","100","100","100","100","1","","41","5",""
"2022-11-25 10:13:14","2022-11-25 10:14:08","0","NA","100","54","1","2022-11-25 10:14:10","R_2wMmNITDQy32zf0","","","","","NA","NA","anonymous","EN","1","2","2","71","62","100","61","2","","32","4",""
"2022-11-25 10:13:25","2022-11-25 10:14:13","0","NA","100","48","1","2022-11-25 10:14:14","R_3iOoYPSQgH8q3GU","","","","","NA","NA","anonymous","EN","1","2","2","14","28","92","50","1","","37","4",""
"2022-11-25 10:13:15","2022-11-25 10:14:40","0","NA","100","84","1","2022-11-25 10:14:40","R_r6b7JK1Qvdhiyqd","","","","","NA","NA","anonymous","EN","1","2","2","90","100","100","80","1","","28","2",""
"2022-11-25 10:13:37","2022-11-25 10:14:40","0","NA","100","62","1","2022-11-25 10:14:40","R_2f0AfXzRDgqIkj3","","","","","NA","NA","anonymous","EN","1","2","2","100","99","100","95","1","","37","4",""
"2022-11-25 10:13:54","2022-11-25 10:14:47","0","NA","100","52","1","2022-11-25 10:14:47","R_1FRhBZ6uptlWCZ8","","","","","NA","NA","anonymous","EN","1","2","2","0","30","100","20","1","","47","1",""
"2022-11-25 10:13:14","2022-11-25 10:14:58","0","NA","100","103","1","2022-11-25 10:14:58","R_9MRmiBMUtW0S88x","","","","","NA","NA","anonymous","EN","1","2","2","40","50","100","50","2","","37","4",""
"2022-11-25 10:13:59","2022-11-25 10:15:00","0","NA","100","61","1","2022-11-25 10:15:01","R_9TARjQgNnbmuVX3","","","","","NA","NA","anonymous","EN","1","2","2","80","60","99","60","1","","46","5",""
"2022-11-25 10:14:08","2022-11-25 10:15:01","0","NA","100","53","1","2022-11-25 10:15:02","R_2YWzp61DD7jvRYL","","","","","NA","NA","anonymous","EN","1","2","2","75","60","100","60","2","","41","1",""
"2022-11-25 10:13:48","2022-11-25 10:15:07","0","NA","100","79","1","2022-11-25 10:15:08","R_2ayFuRswr1nJ56A","","","","","NA","NA","anonymous","EN","1","2","2","50","90","100","75","1","","62","5",""
"2022-11-25 10:14:23","2022-11-25 10:15:22","0","NA","100","58","1","2022-11-25 10:15:22","R_23TRlpVEHIJ50VX","","","","","NA","NA","anonymous","EN","1","2","2","0","0","100","0","1","","34","4",""
"2022-11-25 10:13:45","2022-11-25 10:15:24","0","NA","100","98","1","2022-11-25 10:15:25","R_29teYOcSBBuKyn9","","","","","NA","NA","anonymous","EN","1","2","2","40","85","90","55","1","","53","2",""
"2022-11-25 10:14:35","2022-11-25 10:15:32","0","NA","100","57","1","2022-11-25 10:15:33","R_33Ebfi7FNVTx0qW","","","","","NA","NA","anonymous","EN","1","2","2","37","9","93","8","1","","48","4",""
"2022-11-25 10:13:36","2022-11-25 10:15:36","0","NA","100","120","1","2022-11-25 10:15:36","R_9Yy2ZbtHVrBQoJH","","","","","NA","NA","anonymous","EN","1","2","2","81","72","100","75","2","","28","3",""
"2022-11-25 10:13:48","2022-11-25 10:16:04","0","NA","100","135","1","2022-11-25 10:16:05","R_2PA8lCvcLgi91sh","","","","","NA","NA","anonymous","EN","1","2","2","80","50","96","61","1","","44","5",""
"2022-11-25 10:16:22","2022-11-25 10:17:15","0","NA","100","53","1","2022-11-25 10:17:16","R_1i2s7WmERqaqqSN","","","","","NA","NA","anonymous","EN","1","2","2","11","91","66","12","1","","66","4",""
"2022-11-25 10:14:33","2022-11-25 10:17:45","0","NA","100","192","1","2022-11-25 10:17:46","R_2CBx3UfsFfSijEM","","","","","NA","NA","anonymous","EN","1","2","2","63","53","57","55","1","","32","5",""
"2022-11-25 10:18:36","2022-11-25 10:19:44","0","NA","100","67","1","2022-11-25 10:19:44","R_10HJKjxkFZ4NCdS","","","","","NA","NA","anonymous","EN","1","2","2","80","18","100","71","4","nonbinary","37","4",""
"2022-11-25 10:19:04","2022-11-25 10:20:01","0","NA","100","57","1","2022-11-25 10:20:01","R_3lzQU8pbexc8qVp","","","","","NA","NA","anonymous","EN","1","2","2","70","70","90","55","2","","35","4",""
"2022-11-25 10:19:32","2022-11-25 10:21:47","0","NA","100","134","1","2022-11-25 10:21:47","R_2qFcd91or88dZaJ","","","","","NA","NA","anonymous","EN","1","2","2","84","86","99","9","2","","36","4",""
"2022-11-25 10:36:29","2022-11-25 10:37:16","0","NA","100","46","1","2022-11-25 10:37:16","R_3nJb0YiR64arvLu","","","","","NA","NA","anonymous","EN","1","2","2","100","100","100","100","1","","29","1",""
"2022-11-25 10:43:47","2022-11-25 10:44:16","0","NA","100","29","1","2022-11-25 10:44:16","R_4IUNHMnvEUxRSfv","","","","","NA","NA","anonymous","EN","1","2","2","85","85","76","73","1","","36","7",""
"2022-11-25 10:48:02","2022-11-25 10:48:56","0","NA","100","53","1","2022-11-25 10:48:56","R_1OIe81Hm4tksgLI","","","","","NA","NA","anonymous","EN","1","2","2","100","90","100","100","2","","37","5",""
